Workbook

Sheet Requirements
A1: SauceDemo - Requirements
A3: Requirement ID | B3: Feature | C3: Requirement Description | D3: Priority
A4: REQ-LOGIN-001 | B4: Login | C4: User should be able to log in with valid credentials. | D4: High
A5: REQ-LOGIN-002 | B5: Login | C5: User should not be able to log in with invalid credentials. | D5: High
A6: REQ-LOGIN-003 | B6: Login | C6: Username is a required field. | D6: High
A7: REQ-LOGIN-004 | B7: Login | C7: Password is a required field. | D7: High
A8: REQ-LOGIN-005 | B8: Login | C8: Locked users should not be able to log in. | D8: High
A9: REQ-LOGIN-006 | B9: Login | C9: Successful login should redirect the user to the inventory page. | D9: High
A10: REQ-LOGIN-007 | B10: Login | C10: An appropriate error message should be displayed when login fails. | D10: High
A11: REQ-LOGIN-008 | B11: Login | C11: The password field should mask entered characters. | D11: High
A12: REQ-CART-001 | B12: Cart | C12: User should be able to add an item to the cart. | D12: High
A13: REQ-CART-002 | B13: Cart | C13: User should be able to add multiple items to the cart. | D13: High
A14: REQ-CART-003 | B14: Cart | C14: The cart badge should display the correct number of items in the cart. | D14: High
... A32: REQ-CHECKOUT-011 | B32: Checkout | C32: User should be able to cancel the checkout process before completing the order. | D32: High

Sheet Test Scenarios
A1: SauceDemo - Test Scenarios
A3: Scenario ID | B3: Requirement ID | C3: Feature | D3: Test Scenario | E3: Test Type | F3: Priority | G3: Notes
A4: TS-LOGIN-001 | B4: REQ-LOGIN-001 | C4: Login | D4: Verify that a user can log in with valid username and password. | E4: Positive / Functional | F4: High
A5: TS-LOGIN-002 | B5: REQ-LOGIN-002 | C5: Login | D5: Verify that login is rejected when the username is invalid and password is valid. | E5: Negative / Functional | F5: High
A6: TS-LOGIN-003 | B6: REQ-LOGIN-002 | C6: Login | D6: Verify that login is rejected when the username is valid and password is invalid. | E6: Negative / Functional | F6: High
A7: TS-LOGIN-004 | B7: REQ-LOGIN-002 | C7: Login | D7: Verify that login is rejected when both username and password are invalid. | E7: Negative / Functional | F7: High
A8: TS-LOGIN-005 | B8: REQ-LOGIN-003 | C8: Login | D8: Verify that login is rejected when username is blank. | E8: Negative / Validation | F8: High
A9: TS-LOGIN-006 | B9: REQ-LOGIN-004 | C9: Login | D9: Verify that login is rejected when password is blank. | E9: Negative / Validation | F9: High
A10: TS-LOGIN-007 | B10: REQ-LOGIN-003, REQ-LOGIN-004 | C10: Login | D10: Verify that login is rejected when both username and password are blank. | E10: Negative / Validation | F10: High
A11: TS-LOGIN-008 | B11: REQ-LOGIN-005 | C11: Login | D11: Verify that a locked user cannot log in. | E11: Negative / Functional | F11: High
A12: TS-LOGIN-009 | B12: REQ-LOGIN-006 | C12: Login | D12: Verify that successful login redirects the user to the inventory page. | E12: Positive / Functional | F12: High
A13: TS-LOGIN-010 | B13: REQ-LOGIN-007 | C13: Login | D13: Verify that an appropriate error message is displayed after failed login. | E13: Negative / Validation | F13: Medium
A14: TS-LOGIN-011 | B14: REQ-LOGIN-008 | C14: Login | D14: Verify that characters entered in the password field are masked. | E14: UI / Security | F14: Medium
A15: TS-CART-001 | B15: REQ-CART-001 | C15: Cart | D15: Verify that a user can add one product to the cart. | E15: Positive / Functional | F15: High
... A36: TS-CHECKOUT-011 | B36: REQ-CHECKOUT-011 | C36: Checkout | D36: Verify that a user can cancel the checkout process before placing the order. | E36: Positive / Functional | F36: Medium

Sheet Test Cases
A1: SauceDemo - Test Cases
A3: TC ID | B3: Scenario ID | C3: Feature | D3: Test Scenario | E3: Test Type | F3: Test Case Title | G3: Preconditions | H3: Test Data | I3: Test Steps | J3: Expected Result | K3: Actual Result | L3: Status | M3: Priority
A4: TC-LOGIN-001 | B4: TS-LOGIN-001 | C4: Login | D4: =VLOOKUP(B4,'Test Scenarios'!$A$3:$G$37,4,0) -> Verify that a user can log in with valid username and password. | E4: =VLOOKUP('Test Cases'!B4,'Test Scenarios'!$A$3:$G$37,5,0) -> Positive / Functional | F4: Login with valid credentials | G4: User is on login page | H4: standard_user / secret_sauce | I4: 1. Enter valid username 2. Enter valid password 3. Click Login | J4: User logs in successfully and inventory page is displayed. | K4: User logged in successfully and was redirected to /inventory.html. | L4: Pass | M4: High
A5: TC-LOGIN-002 | B5: TS-LOGIN-002 | C5: Login | D5: =VLOOKUP(B5,'Test Scenarios'!$A$3:$G$37,4,0) -> Verify that login is rejected when the username is invalid and password is valid. | E5: =VLOOKUP('Test Cases'!B5,'Test Scenarios'!$A$3:$G$37,5,0) -> Negative / Functional | F5: Login with invalid password | G5: User is on login page | H5: standard_user / wrong123 | I5: 1. Enter valid username 2. Enter invalid password 3. Click Login | J5: Login is denied and an appropriate error message is displayed. | K5: Login was denied and the error message "Epic sadface: Username and password do not match any user in this service" was displayed. | L5: Pass | M5: High
A6: TC-LOGIN-003 | B6: TS-LOGIN-003 | C6: Login | D6: =VLOOKUP(B6,'Test Scenarios'!$A$3:$G$37,4,0) -> Verify that login is rejected when the username is valid and password is invalid. | E6: =VLOOKUP('Test Cases'!B6,'Test Scenarios'!$A$3:$G$37,5,0) -> Negative / Functional | F6: Login with invalid username | G6: User is on login page | H6: invalid_user / secret_sauce | I6: 1. Enter invalid username 2. Enter valid password 3. Click Login | J6: Login is denied and an appropriate error message is displayed. | K6: Login was denied and the error message "Epic sadface: Username and password do not match any user in this service" was displayed. | L6: Pass | M6: High
A7: TC-LOGIN-004 | B7: TS-LOGIN-004 | C7: Login | D7: =VLOOKUP(B7,'Test Scenarios'!$A$3:$G$37,4,0) -> Verify that login is rejected when both username and password are invalid. | E7: =VLOOKUP('Test Cases'!B7,'Test Scenarios'!$A$3:$G$37,5,0) -> Negative / Functional | F7: Login with both credentials invalid | G7: User is on login page | H7: invalid_user / wrong123 | I7: 1. Enter invalid username 2. Enter invalid password 3. Click Login | J7: Login is denied and an appropriate error message is displayed. | K7: Login was denied and the error message "Epic sadface: Username and password do not match any user in this service" was displayed. | L7: Pass | M7: High
A8: TC-LOGIN-005 | B8: TS-LOGIN-005 | C8: Login | D8: =VLOOKUP(B8,'Test Scenarios'!$A$3:$G$37,4,0) -> Verify that login is rejected when username is blank. | E8: =VLOOKUP('Test Cases'!B8,'Test Scenarios'!$A$3:$G$37,5,0) -> Negative / Validation | F8: Login with empty username | G8: User is on login page | H8: blank / secret_sauce | I8: 1. Leave username blank 2. Enter valid password 3. Click Login | J8: Username required validation message is displayed. | K8: Login was denied and the error message "Epic sadface: Username is required" was displayed. | L8: Pass | M8: High
A9: TC-LOGIN-006 | B9: TS-LOGIN-006 | C9: Login | D9: =VLOOKUP(B9,'Test Scenarios'!$A$3:$G$37,4,0) -> Verify that login is rejected when password is blank. | E9: =VLOOKUP('Test Cases'!B9,'Test Scenarios'!$A$3:$G$37,5,0) -> Negative / Validation | F9: Login with empty password | G9: User is on login page | H9: standard_user / blank | I9: 1. Enter valid username 2. Leave password blank 3. Click Login | J9: Password required validation message is displayed. | K9: Login was denied and the error message "Epic sadface: Password is required" was displayed. | L9: Pass | M9: High
A10: TC-LOGIN-007 | B10: TS-LOGIN-007 | C10: Login | D10: =VLOOKUP(B10,'Test Scenarios'!$A$3:$G$37,4,0) -> Verify that login is rejected when both username and password are blank. | E10: =VLOOKUP('Test Cases'!B10,'Test Scenarios'!$A$3:$G$37,5,0) -> Negative / Validation | F10: Login with both fields empty | G10: User is on login page | H10: blank / blank | I10: 1. Leave username blank 2. Leave password blank 3. Click Login | J10: Required field validation is displayed and login is denied. | K10: Login was denied and the error message "Epic sadface: Username is required" was displayed. | L10: Pass | M10: High
A11: TC-LOGIN-008 | B11: TS-LOGIN-008 | C11: Login | D11: =VLOOKUP(B11,'Test Scenarios'!$A$3:$G$37,4,0) -> Verify that a locked user cannot log in. | E11: =VLOOKUP('Test Cases'!B11,'Test Scenarios'!$A$3:$G$37,5,0) -> Negative / Functional | F11: Login with locked user | G11: User is on login page | H11: locked_out_user / secret_sauce | I11: 1. Enter locked user username 2. Enter valid password 3. Click Login | J11: Login is denied and locked-user error message is displayed. | K11: Login was denied and the error message indicating that the user has been locked out was displayed. | L11: Pass | M11: High
A12: TC-LOGIN-009 | B12: TS-LOGIN-009 | C12: Login | D12: =VLOOKUP(B12,'Test Scenarios'!$A$3:$G$37,4,0) -> Verify that successful login redirects the user to the inventory page. | E12: =VLOOKUP('Test Cases'!B12,'Test Scenarios'!$A$3:$G$37,5,0) -> Positive / Functional | F12: Verify URL after successful login | G12: User is on login page | H12: standard_user / secret_sauce | I12: 1. Login with valid credentials 2. Observe browser URL | J12: URL points to the inventory page. | K12: URL showed /inventory.html. | L12: Pass | M12: High
A13: TC-LOGIN-010 | B13: TS-LOGIN-010 | C13: Login | D13: =VLOOKUP(B13,'Test Scenarios'!$A$3:$G$37,4,0) -> Verify that an appropriate error message is displayed after failed login. | E13: =VLOOKUP('Test Cases'!B13,'Test Scenarios'!$A$3:$G$37,5,0) -> Negative / Validation | F13: Verify failed-login error message | G13: User is on login page | H13: invalid_user / wrong123 | I13: 1. Enter invalid credentials 2. Click Login 3. Observe error message | J13: Correct login error message is displayed. | K13: The error message "Epic sadface: Username and password do not match any user in this service" was displayed. | L13: Pass | M13: High
A14: TC-LOGIN-011 | B14: TS-LOGIN-011 | C14: Login | D14: =VLOOKUP(B14,'Test Scenarios'!$A$3:$G$37,4,0) -> Verify that characters entered in the password field are masked. | E14: =VLOOKUP('Test Cases'!B14,'Test Scenarios'!$A$3:$G$37,5,0) -> UI / Security | F14: Verify password masking | G14: User is on login page | H14: secret_sauce | I14: 1. Click password field 2. Enter password 3. Observe entered characters | J14: Password characters are masked and not displayed as plain text. | K14: Password characters were masked and were not displayed as plain text. | L14: Pass | M14: High
A15: TC-CART-001 | B15: TS-CART-001 | C15: Cart | D15: =VLOOKUP(B15,'Test Scenarios'!$A$3:$G$37,4,0) -> Verify that a user can add one product to the cart. | E15: =VLOOKUP('Test Cases'!B15,'Test Scenarios'!$A$3:$G$37,5,0) -> Positive / Functional | F15: Add one product to cart | G15: User is logged in and on inventory page | H15: Sauce Labs Backpack | I15: 1. Locate Sauce Labs Backpack 2. Click Add to cart | J15: Product is added successfully and cart badge displays 1. | K15: Sauce Labs Backpack was added to the cart successfully and the cart badge displayed 1. | L15: Pass | M15: High
... A36: TC-CHECKOUT-011 | B36: TS-CHECKOUT-011 | C36: Checkout | D36: =VLOOKUP(B36,'Test Scenarios'!$A$3:$G$37,4,0) -> Verify that a user can cancel the checkout process before placing the order. | E36: =VLOOKUP('Test Cases'!B36,'Test Scenarios'!$A$3:$G$37,5,0) -> Positive / Functional | F36: Cancel checkout | G36: User is in checkout process | H36: N/A | I36: 1. Start checkout 2. Click Cancel | J36: Checkout is cancelled and user is returned to the appropriate previous page. | K36: Checkout was cancelled and the user was redirected back to the cart page. | L36: Pass | M36: High

Sheet Test Summary
A1: SauceDemo QA Portfolio – Test Execution Summary
A3: Project | B3: SauceDemo Manual QA Testing
A4: Current Scope | B4: Login, Cart and Checkout
A6: Metric | B6: Result
A7: Total Test Cases | B7: =COUNTA('Test Cases'!A4:A200) -> 33
A8: Passed | B8: =COUNTIF('Test Cases'!L4:L200,"Pass") -> 33
A9: Failed | B9: =COUNTIF('Test Cases'!L4:L200,"Fail") -> 0
A10: Blocked | B10: =COUNTIF('Test Cases'!L4:L200,"Blocked") -> 0
A11: Not Run | B11: =COUNTIF('Test Cases'!L4:L200,"Not Run") -> 0
A12: Pass Rate | B12: =IF(B7=0,0,B8/B7) -> 1
A15: Release Recommendation
A16: Overall Comments | B16: [Summarise quality, failed cases, blockers, and recommendation]
